Workbook

Sheet raw
A1: 38899 | B1: 131.98126 | C1: 0 | E1: 38899
A2: 38900 | B2: 109.4382 | C2: 1 | E2: 39263
A3: 38901 | B3: 136.26262 | C3: 2
A4: 38902 | B4: 135.40008 | C4: 3
A5: 38903 | B5: 114.06597 | C5: 4
A6: 38904 | B6: 135.40008 | C6: 5
A7: 38905 | B7: 136.26262 | C7: 6
A8: 38906 | B8: 197.04572 | C8: 7
A9: 38907 | B9: 204.59829 | C9: 8
A10: 38908 | B10: 299.98732 | C10: 9
A11: 38909 | B11: 253.3696 | C11: 10
A12: 38910 | B12: 252.13871 | C12: 11
A13: 38911 | B13: 319.34212 | C13: 12
A14: 38912 | B14: 363.16846 | C14: 13
... A365: 39263 | B365: 234.08573 | C365: 364

Sheet converted
A1: day | B1: discharge (m^3/s)
A2: 0 | B2: =raw!B1*1000000/24/3600 -> 1527.5609
A3: 1 | B3: =raw!B2*1000000/24/3600 -> 1266.6458
A4: 2 | B4: =raw!B3*1000000/24/3600 -> 1577.1136
A5: 3 | B5: =raw!B4*1000000/24/3600 -> 1567.1306
A6: 4 | B6: =raw!B5*1000000/24/3600 -> 1320.208
A7: 5 | B7: =raw!B6*1000000/24/3600 -> 1567.1306
A8: 6 | B8: =raw!B7*1000000/24/3600 -> 1577.1136
A9: 7 | B9: =raw!B8*1000000/24/3600 -> 2280.6217
A10: 8 | B10: =raw!B9*1000000/24/3600 -> 2368.0358
A11: 9 | B11: =raw!B10*1000000/24/3600 -> 3472.0755
A12: 10 | B12: =raw!B11*1000000/24/3600 -> 2932.5185
A13: 11 | B13: =raw!B12*1000000/24/3600 -> 2918.2721
... A366: 364 | B366: =raw!B365*1000000/24/3600 -> 2709.3256

Sheet event window
A1: day | B1: discharge (m^3/s)
A2: =converted!A54 -> 52 | B2: =converted!B54 -> 5889.8848
A3: =converted!A55 -> 53 | B3: =converted!B55 -> 5953.8899
A4: =converted!A56 -> 54 | B4: =converted!B56 -> 9089.1371
A5: =converted!A57 -> 55 | B5: =converted!B57 -> 11052.68
A6: =converted!A58 -> 56 | B6: =converted!B58 -> 10101.276
A7: =converted!A59 -> 57 | B7: =converted!B59 -> 9198.5817
A8: =converted!A60 -> 58 | B8: =converted!B60 -> 8632.3433
A9: =converted!A61 -> 59 | B9: =converted!B61 -> 7684.4533
A10: =converted!A62 -> 60 | B10: =converted!B62 -> 6148.2865
A11: =converted!A63 -> 61 | B11: =converted!B63 -> 5493.6855

Sheet appended
A1: day | B1: discharge (m^3/s) | D1: base flow | E1: 1500
A2: 49 | B2: =E$1+(B$5-E$1)*EXP((A2-A$2-E$2)/E$4) -> 2094.1063 | D2: fron tail duration | E2: 3
A3: 50 | B3: =E$1+(B$5-E$1)*EXP((A3-A$2-E$2)/E$4) -> 2657.1611 | D3: back tail duration | E3: 4
A4: 51 | B4: =E$1+(B$5-E$1)*EXP((A4-A$2-E$2)/E$4) -> 3753.842 | D4: front tau | E4: =E2/2 -> 1.5
A5: ='event window'!A2 -> 52 | B5: ='event window'!B2 -> 5889.8848 | D5: back tau | E5: =E3/2 -> 2
A6: ='event window'!A3 -> 53 | B6: ='event window'!B3 -> 5953.8899
A7: ='event window'!A4 -> 54 | B7: ='event window'!B4 -> 9089.1371
A8: ='event window'!A5 -> 55 | B8: ='event window'!B5 -> 11052.68
A9: ='event window'!A6 -> 56 | B9: ='event window'!B6 -> 10101.276
A10: ='event window'!A7 -> 57 | B10: ='event window'!B7 -> 9198.5817
A11: ='event window'!A8 -> 58 | B11: ='event window'!B8 -> 8632.3433
A12: ='event window'!A9 -> 59 | B12: ='event window'!B9 -> 7684.4533
A13: ='event window'!A10 -> 60 | B13: ='event window'!B10 -> 6148.2865
A14: ='event window'!A11 -> 61 | B14: ='event window'!B11 -> 5493.6855
A15: 62 | B15: =E$1+(B$14-E$1)*EXP(-(A14-A$13)/E$5) -> 3922.2927
A16: 63 | B16: =E$1+(B$14-E$1)*EXP(-(A15-A$13)/E$5) -> 2969.1948
A17: 64 | B17: =E$1+(B$14-E$1)*EXP(-(A16-A$13)/E$5) -> 2391.1117
A18: 65 | B18: =E$1+(B$14-E$1)*EXP(-(A17-A$13)/E$5) -> 2040.4866

Sheet hourly
A1: time | B1: =appended!B1 -> discharge (m^3/s)
A2: =(appended!A2-appended!A$2)*24 -> 0 | B2: =appended!B2 -> 2094.1063
A3: =(appended!A3-appended!A$2)*24 -> 24 | B3: =appended!B3 -> 2657.1611
A4: =(appended!A4-appended!A$2)*24 -> 48 | B4: =appended!B4 -> 3753.842
A5: =(appended!A5-appended!A$2)*24 -> 72 | B5: =appended!B5 -> 5889.8848
A6: =(appended!A6-appended!A$2)*24 -> 96 | B6: =appended!B6 -> 5953.8899
A7: =(appended!A7-appended!A$2)*24 -> 120 | B7: =appended!B7 -> 9089.1371
A8: =(appended!A8-appended!A$2)*24 -> 144 | B8: =appended!B8 -> 11052.68
A9: =(appended!A9-appended!A$2)*24 -> 168 | B9: =appended!B9 -> 10101.276
A10: =(appended!A10-appended!A$2)*24 -> 192 | B10: =appended!B10 -> 9198.5817
A11: =(appended!A11-appended!A$2)*24 -> 216 | B11: =appended!B11 -> 8632.3433
A12: =(appended!A12-appended!A$2)*24 -> 240 | B12: =appended!B12 -> 7684.4533
A13: =(appended!A13-appended!A$2)*24 -> 264 | B13: =appended!B13 -> 6148.2865
... A18: =(appended!A18-appended!A$2)*24 -> 384 | B18: =appended!B18 -> 2040.4866
